{"cameraMode":{"drawMode":0,"name":"Shaded","section":"Shading Mode"},"sceneLighting":false,"audioPlay":false,"sceneViewState":{"m_AlwaysRefresh":false,"showFog":true,"showSkybox":false,"showFlares":true,"showImageEffects":true,"showParticleSystems":true,"showVisualEffectGraphs":true,"m_FxEnabled":true},"in2DMode":false,"pivot":{"x":0.08987636864185333,"y":0.994507908821106,"z":0.09293079376220703},"rotation":{"x":0.16934336721897126,"y":-0.7094869017601013,"z":0.1822211742401123,"w":0.6593632698059082},"size":0.9998521208763123,"orthographic":false}