{"cameraMode":{"drawMode":0,"name":"Shaded","section":"Shading Mode"},"sceneLighting":true,"audioPlay":false,"sceneViewState":{"m_AlwaysRefresh":false,"showFog":true,"showSkybox":true,"showFlares":true,"showImageEffects":true,"showParticleSystems":true,"showVisualEffectGraphs":true,"m_FxEnabled":true},"in2DMode":false,"pivot":{"x":0.0007301568984985352,"y":0.7627346515655518,"z":60.44682312011719},"rotation":{"x":0.3300948441028595,"y":-0.4981917142868042,"z":0.21265053749084474,"w":0.7731253504753113},"size":3.7478291988372804,"orthographic":false}