{"cameraMode":{"drawMode":0,"name":"Shaded","section":"Shading Mode"},"sceneLighting":true,"audioPlay":false,"sceneViewState":{"m_AlwaysRefresh":false,"showFog":true,"showSkybox":true,"showFlares":true,"showImageEffects":true,"showParticleSystems":true,"showVisualEffectGraphs":true,"m_FxEnabled":true},"in2DMode":false,"pivot":{"x":-4.931070327758789,"y":2.505923271179199,"z":54.693336486816409},"rotation":{"x":0.11754190176725388,"y":-0.7818869352340698,"z":0.15515659749507905,"w":0.5922929644584656},"size":2.1269474029541017,"orthographic":false}